id,title,text,url
tokyo,Tokyo,"Tokyo, officially the Tokyo Metropolis, is the capital and most populous city of Japan. With a population of over 14 million in the city proper in 2023, it is one of the most populous urban areas in the world. The Greater Tokyo Area, which includes Tokyo and parts of six neighboring prefectures, is the most populous metropolitan area in the world, with 41 million residents as of 2024.",https://en.wikipedia.org/wiki/Tokyo
paris,Paris,"Paris is the capital and largest city of France, with an estimated city population of 2.04 million in an area of 105.4 km2 (40.7 sq mi), and a metropolitan population of 13.2 million as of January 2026. Located on the river Seine in the centre of the Île-de-France region, it is the largest metropolitan area and fourth-most populous city in the European Union (EU). Nicknamed the ""City of Light"", partly because of its role in the Age of Enlightenment, Paris has been one of the world's major centres of finance, diplomacy, commerce, culture, fashion, and gastronomy since the 17th century",https://en.wikipedia.org/wiki/Paris
bali,Bali,"Bali is an Indonesian island and province and the westernmost of the Lesser Sunda Islands. East of Java and west of Lombok, the province includes the island of Bali and a few smaller offshore islands, notably Nusa Penida, Nusa Lembongan, and Nusa Ceningan to the southeast. The provincial capital, Denpasar, is the most populous city in the Lesser Sunda Islands and the second-largest, after Makassar, in Eastern Indonesia. The Denpasar metropolitan area is the extended metropolitan area around Denpasar. The upland town of Ubud in Greater Denpasar is considered as Bali's cultural centre. The province is Indonesia's main tourist destination, with a significant rise in tourism since the 1980s, and has become the country's area of overtourism. Tourism-related business makes up 80% of the Bali economy.",https://en.wikipedia.org/wiki/Bali
new_york_city,New York City,"New York, often called New York City (NYC), is the most populous city in the United States. It is located at the southern tip of New York State on New York Harbor, one of the world's largest natural harbors. The city comprises five boroughs, each coextensive with its respective county. It is the geographical and demographic center of both the Northeast megalopolis and the New York metropolitan area, the largest metropolitan area in the United States by both population and urban area. New York is a global center of finance and commerce, culture, technology, entertainment and media, academics and scientific output, the arts and fashion, and, as home to the headquarters of the United Nations, international diplomacy.",https://en.wikipedia.org/wiki/New_York_City
london,London,"London is the capital and largest city of England and the United Kingdom, with a population of 9.1 million people in 2024. Its wider metropolitan area is the largest in Western Europe, with a population of 15.1 million. London stands on the River Thames in southeast England, at the head of a 50-mile (80 km) tidal estuary down to the North Sea, and has been a major settlement for nearly 2,000 years. Its ancient core and financial centre, the City of London, was founded by the Romans as Londinium and has retained its medieval boundaries. The City of Westminster, to the west of the City of London, has been the site of the national government and parliament for centuries. London grew rapidly in the 19th century, becoming the world's largest city at the time. Since the 19th century the name ""London"" has referred to the metropolis around the City of London, historically split among the counties of Middlesex, Essex, Surrey, Kent and Hertfordshire. Since 1965 it has largely comprised the administrative area of Greater London, governed by 33 local authorities and the Greater London Authority.",https://en.wikipedia.org/wiki/London
bangkok,Bangkok,"Bangkok, officially known in Thai as Krung Thep Maha Nakhon and colloquially as Krung Thep, is the capital and most populous city of Thailand. The city occupies 1,568.7 square kilometres (605.7 sq mi) in the Chao Phraya River delta in central Thailand and has an estimated population of 11.4 million people as of 2024, 15.9% of the country's population. Over 17.4 million people live within the surrounding Bangkok Metropolitan Region as of the 2021 estimate, making Bangkok a megacity and an extreme primate city, dwarfing Thailand's other urban centres in both size and importance to the national economy.",https://en.wikipedia.org/wiki/Bangkok
rome,Rome,"Rome is the capital city and most populated comune (municipality) of Italy. It is also the administrative centre of the Lazio region and of the Metropolitan City of Rome. A special comune named Roma Capitale with a population of 2.7 million in an area of 1,287.36 km2 (497.1 mi2), Rome is the third most populous city in the European Union by population within city limits. The Metropolitan City of Rome Capital, with a population of 4.2 million, is the most populous metropolitan city in Italy. Its metropolitan area is the third-most populous within Italy. Rome is located in the central-western portion of the Italian Peninsula, within Lazio (Latium), along the shores of the Tiber Valley. Vatican City is an independent country inside the city boundaries of Rome, the only existing example of a country within a city. Rome is often referred to as the ""City of Seven Hills"" due to its geography, and also as the ""Eternal City"". Rome is generally considered to be one of the cradles of Western civilization and Western Christian culture, and the centre of the Catholic Church.",https://en.wikipedia.org/wiki/Rome
barcelona,Barcelona,"Barcelona is a city on the northeastern coast of Spain. It is the capital and largest city of the autonomous community of Catalonia, as well as the second-most populous municipality of Spain. With a population of 1.7 million within city limits, its urban area extends to numerous neighbouring municipalities within the province of Barcelona and is home to around 5.7 million people, making it the fifth most populous urban area of the European Union after Paris, the Ruhr area, Madrid and Milan. It is one of the largest metropolises on the Mediterranean Sea, located on the coast between the mouths of the rivers Llobregat and Besòs, bounded to the west by the Serra de Collserola mountain range.",https://en.wikipedia.org/wiki/Barcelona
amsterdam,Amsterdam,"Amsterdam is the capital and largest city of the Netherlands. It has a population of 933,680 in June 2024 within the city proper, 1,457,018 in the urban area and 2,480,394 in the metropolitan area. Located in the Dutch province of North Holland, Amsterdam is colloquially referred to as the ""Venice of the North"", for its large number of canals, now a UNESCO World Heritage Site.",https://en.wikipedia.org/wiki/Amsterdam
sydney,Sydney,"Sydney is the capital city of the state of New South Wales, and the most populous city in Australia. Located on Australia's east coast, the metropolis surrounds Sydney Harbour and extends about 80 kilometres (50 mi) from the Pacific Ocean in the east to the Blue Mountains in the west, and about 80 kilometres (50 mi) from Ku-ring-gai Chase National Park and the Hawkesbury River in the north and north-west, to the Royal National Park and Macarthur in the south and south-west. Greater Sydney consists of 658 suburbs, spread across 33 local government areas. Residents of the city are colloquially known as ""Sydneysiders"". The estimated population in June 2025 was 5,638,830, which is about 66% of the state's population. The city's nicknames include the Emerald City and the Harbour City.",https://en.wikipedia.org/wiki/Sydney
dubai,Dubai,"Dubai is the most populous city in the United Arab Emirates and the capital of the Emirate of Dubai. It is on a creek on the southeastern coast of the Persian Gulf. As of 2025, its population stands at 4 million, 92% of whom are expatriates. The wider urban area includes Sharjah and has a population of 5 million people as of 2023, while the Dubai–Sharjah–Ajman metropolitan area has a population of 6 million people.",https://en.wikipedia.org/wiki/Dubai
singapore,Singapore,"Singapore, officially the Republic of Singapore, is an island country and city-state in Southeast Asia. Its territory comprises a main island, over 60 satellite islands and islets, and one outlying islet. The country is about one degree of latitude north of the equator, off the southern tip of the Malay Peninsula, bordering the Strait of Malacca to the west, the Singapore Strait to the south along with the Riau Islands in Indonesia, the South China Sea to the east and the Straits of Johor along with the State of Johor in Malaysia to the north.",https://en.wikipedia.org/wiki/Singapore
istanbul,Istanbul,"Istanbul is the largest city in Turkey, constituting the country's economic, cultural, and historical center. With a population of over 15 million, it is home to 18% of the population of Turkey. Istanbul is among the largest cities in Europe and in the world by population. It is a city on two continents; about two-thirds of its population live in Europe and the rest in Asia. Istanbul straddles the Bosphorus – one of the world's busiest waterways – in northwestern Turkey, between the Sea of Marmara and the Black Sea. Its area of 5,461 square kilometers (2,109 mi2) is coterminous with Istanbul Province.",https://en.wikipedia.org/wiki/Istanbul
prague,Prague,"Prague is the capital and largest city of the Czech Republic and the historical capital of Bohemia. Located on the Vltava River, the city has a population of about 1.4 million, making it the twelfth-largest city in the European Union. Its metropolitan area is home to approximately 2.3 million people.",https://en.wikipedia.org/wiki/Prague
lisbon,Lisbon,"Lisbon is the capital and most populous city of Portugal, with an estimated population of 575,739 as of 2024, within its administrative limits and 3,028,000 within the metropolis, as of 2025. Lisbon is mainland Europe's westernmost capital city, and the only one along the Atlantic coast, the others being on islands. The city lies in the western portion of the Iberian Peninsula, on the northern shore of the River Tagus. The western portion of its metro area, the Portuguese Riviera, hosts the westernmost point of Continental Europe, culminating at Cabo da Roca.",https://en.wikipedia.org/wiki/Lisbon
mexico_city,Mexico City,"Mexico City
is the capital and most populous city of Mexico, as well as the most populous city in North America. It is one of the most important cultural and financial centers in the world, and is classified as an Alpha world city according to the Globalization and World Cities Research Network (GaWC) 2024 ranking. Mexico City is located in the Valley of Mexico within the high Mexican central plateau, at an altitude of 2,240 meters. The city has 16 boroughs or demarcaciones territoriales, which are in turn divided into neighborhoods or colonias.",https://en.wikipedia.org/wiki/Mexico_City
buenos_aires,Buenos Aires,"Buenos Aires, officially the Autonomous City of Buenos Aires, is the capital and largest city of Argentina. It is located on the southwest of the Río de la Plata. Buenos Aires is classified as an Alpha− global city, according to the GaWC 2024 ranking. The city proper has a population of 3.1 million and its urban area has a population of 16.7 million, making it the 21st most populous metropolitan area in the world.",https://en.wikipedia.org/wiki/Buenos_Aires
cape_town,Cape Town,"Cape Town is the legislative capital of South Africa. It is the country's oldest city and the seat of the Parliament of South Africa. Cape Town is the country's second-largest city by population, after Johannesburg, and the largest city in the Western Cape. The city is part of the City of Cape Town metropolitan municipality.",https://en.wikipedia.org/wiki/Cape_Town
marrakech,Marrakesh,Marrakesh or Marrakech is the fourth-largest city in Morocco. It is one of the four imperial cities of Morocco and is the capital of the Marrakesh-Safi region. The city lies west of the foothills of the Atlas Mountains.,https://en.wikipedia.org/wiki/Marrakesh
kyoto,Kyoto,"Kyoto, officially Kyoto City , is the capital city of Kyoto Prefecture in the Kansai region of Japan's largest and most populous island of Honshu. As of 2020, the city had a population of 1.46 million, making it the ninth-most populous city in Japan. More than half (56.8%) of Kyoto Prefecture's population resides in the city. The city is the cultural anchor of the substantially larger Greater Kyoto, a metropolitan statistical area (MSA) home to a census-estimated 3.8 million people. It is also part of the even larger Keihanshin metropolitan area, along with Osaka and Kobe.",https://en.wikipedia.org/wiki/Kyoto
seoul,Seoul,"Seoul, officially Seoul Special Metropolitan City, is the capital and largest city of South Korea, and the largest city in the whole of Korea. The broader Seoul Metropolitan Area, encompassing Seoul, Gyeonggi Province and Incheon, emerged as the world's sixth largest metropolitan economy in 2022, behind New York, Tokyo, Los Angeles, Paris, and London, and hosts more than half of South Korea's population. Although Seoul's population peaked at over 10 million, it has gradually decreased since 2014, standing at about 9.6 million residents as of 2024. Seoul is the seat of the South Korean government.",https://en.wikipedia.org/wiki/Seoul
vienna,Vienna,"Vienna is the capital, most populous city, and one of the nine states of Austria. It is Austria's primate city, with just over two million inhabitants. Its larger metropolitan area has a population of nearly 2.9 million, representing nearly one-third of the country's population. Vienna is the cultural, economic, and political centre of the country, the fifth-largest city by population in the European Union, and the most populous of the cities on the river Danube.",https://en.wikipedia.org/wiki/Vienna
copenhagen,Copenhagen,"Copenhagen is the capital and most populous city of both the country of Denmark and the wider Kingdom of Denmark, with a population of 667,000 people in the municipality and 1.4 million in the urban area. The city is situated mainly on the island of Zealand (Sjælland), with a smaller part on the island of Amager. Copenhagen is separated from Malmö, Sweden, by the Øresund strait. The Øresund Bridge connects the two cities by rail and road.",https://en.wikipedia.org/wiki/Copenhagen
zurich,Zurich,"Zurich is the largest city in Switzerland and the capital of the canton of Zurich. It is in north-central Switzerland, at the northwestern tip of Lake Zurich. As of the end of 2024, the municipality had a population of 436,551, while the urban area was home to 1.45 million people (2020), and the Zurich metropolitan area had a total population of 2.1 million (2020). Zurich is a hub for railways, roads, and air traffic. Both Zurich Airport and Zurich's main railway station are the largest and busiest in the country.",https://en.wikipedia.org/wiki/Zurich
